{
    "accuracy": 0.676829268292683,
    "precision": 0.6261682242990654,
    "recall": 0.3602150537634409,
    "f1_score": 0.45733788395904434
}